{
  "parent": "minecraft:item/generated",
  "textures": {
    "layer0": "minecraft:item/map"
  },
  "overrides": [
    {
      "predicate": {
        "custom_model_data": 810001
      },
      "model": "minecraft:item/backpackplus/gui_fill"
    },
	{
      "predicate": {
        "custom_model_data": 810002
      },
      "model": "minecraft:item/backpackplus/page_previous"
    },
	{
      "predicate": {
        "custom_model_data": 810003
      },
      "model": "minecraft:item/backpackplus/page_next"
    }
  ]
}
