{
	"credit": "Made with Blockbench",
	"texture_size": [64, 64],
	"textures": {
		"2": "item/backpackplus/backpack_tier_3",
		"particle": "item/backpackplus/backpack_tier_3"
	},
	"elements": [
		{
			"name": "Body",
			"from": [4, 0, 0.7],
			"to": [12, 10, 5.7],
			"rotation": {"angle": 0, "axis": "y", "origin": [8, 0, 3]},
			"faces": {
				"north": {"uv": [0, 0, 2, 2.5], "texture": "#2"},
				"east": {"uv": [0, 2.75, 1.25, 5.25], "texture": "#2"},
				"south": {"uv": [2.25, 0, 4.25, 2.5], "texture": "#2"},
				"west": {"uv": [1.5, 2.75, 2.75, 5.25], "texture": "#2"},
				"up": {"uv": [5, 4, 3, 2.75], "texture": "#2"},
				"down": {"uv": [5, 4.25, 3, 5.5], "texture": "#2"}
			}
		},
		{
			"from": [4.6, 6.8, 5.7],
			"to": [11.4, 10.2, 5.9],
			"rotation": {"angle": 0, "axis": "x", "origin": [8, 10, 1]},
			"faces": {
				"north": {"uv": [3.5, 3.75, 5.25, 4.5], "texture": "#2"},
				"east": {"uv": [7.5, 8.25, 7.625, 9.125], "texture": "#2"},
				"south": {"uv": [4.5, 1.5, 6.25, 2.375], "texture": "#2"},
				"west": {"uv": [8, 8.5, 8.125, 9.375], "texture": "#2"},
				"up": {"uv": [9.75, 2.625, 8, 2.5], "texture": "#2"},
				"down": {"uv": [9.75, 3, 8, 3.125], "texture": "#2"}
			}
		},
		{
			"from": [9.8, 7.4, 5.9],
			"to": [10.6, 10.4, 6.1],
			"rotation": {"angle": 0, "axis": "x", "origin": [8, 10, 1]},
			"faces": {
				"north": {"uv": [3, 5.25, 3.25, 6], "texture": "#2"},
				"east": {"uv": [8.5, 3.5, 8.625, 4.25], "texture": "#2"},
				"south": {"uv": [3.5, 7.75, 3.75, 8.5], "texture": "#2"},
				"west": {"uv": [8.5, 8.5, 8.625, 9.25], "texture": "#2"},
				"up": {"uv": [6.25, 9.625, 6, 9.5], "texture": "#2"},
				"down": {"uv": [5, 5.25, 4.75, 5.5], "texture": "#2"}
			}
		},
		{
			"from": [9.8, 10.2, 0.9],
			"to": [10.6, 10.4, 5.9],
			"rotation": {"angle": 0, "axis": "x", "origin": [8, 10, 1]},
			"faces": {
				"north": {"uv": [9.5, 8.5, 9.75, 8.625], "texture": "#2"},
				"east": {"uv": [8, 7.5, 9.25, 7.625], "texture": "#2"},
				"south": {"uv": [4, 5.25, 4.25, 5.5], "texture": "#2"},
				"west": {"uv": [8, 8, 9.25, 8.125], "texture": "#2"},
				"up": {"uv": [4.5, 7.75, 4.25, 6.5], "texture": "#2"},
				"down": {"uv": [2.25, 5.25, 2, 6.5], "texture": "#2"}
			}
		},
		{
			"from": [7, 10.7, 2.7],
			"to": [9.3, 11, 3.7],
			"rotation": {"angle": 0, "axis": "x", "origin": [8, 10, 1]},
			"faces": {
				"north": {"uv": [9, 4.5, 9.625, 4.625], "texture": "#2"},
				"east": {"uv": [9.5, 7.5, 9.75, 7.625], "texture": "#2"},
				"south": {"uv": [9, 5, 9.625, 5.125], "texture": "#2"},
				"west": {"uv": [9.5, 8, 9.75, 8.125], "texture": "#2"},
				"up": {"uv": [8.625, 4.75, 8, 4.5], "texture": "#2"},
				"down": {"uv": [8.625, 5, 8, 5.25], "texture": "#2"}
			}
		},
		{
			"from": [9, 10.1, 2.7],
			"to": [9.3, 10.7, 3.7],
			"rotation": {"angle": 0, "axis": "x", "origin": [8, 10, 1]},
			"faces": {
				"north": {"uv": [10, 7, 10.125, 7.125], "texture": "#2"},
				"east": {"uv": [9.5, 7, 9.75, 7.125], "texture": "#2"},
				"south": {"uv": [10, 7.5, 10.125, 7.625], "texture": "#2"},
				"west": {"uv": [7.25, 9.5, 7.5, 9.625], "texture": "#2"},
				"up": {"uv": [3.75, 7.25, 3.5, 7], "texture": "#2"},
				"down": {"uv": [7.25, 3.5, 7, 3.75], "texture": "#2"}
			}
		},
		{
			"from": [7, 10.1, 2.7],
			"to": [7.3, 10.7, 3.7],
			"rotation": {"angle": 0, "axis": "x", "origin": [8, 10, 1]},
			"faces": {
				"north": {"uv": [10, 6.5, 10.125, 6.625], "texture": "#2"},
				"east": {"uv": [9.5, 6, 9.75, 6.125], "texture": "#2"},
				"south": {"uv": [7, 10, 7.125, 10.125], "texture": "#2"},
				"west": {"uv": [9.5, 6.5, 9.75, 6.625], "texture": "#2"},
				"up": {"uv": [2.75, 7.25, 2.5, 7], "texture": "#2"},
				"down": {"uv": [7.25, 2.5, 7, 2.75], "texture": "#2"}
			}
		},
		{
			"from": [5.5, 10.2, 0.9],
			"to": [6.3, 10.4, 5.9],
			"rotation": {"angle": 0, "axis": "x", "origin": [8, 10, 1]},
			"faces": {
				"north": {"uv": [8.5, 9.5, 8.75, 9.625], "texture": "#2"},
				"east": {"uv": [8, 6.5, 9.25, 6.625], "texture": "#2"},
				"south": {"uv": [4.25, 5.25, 4.5, 5.5], "texture": "#2"},
				"west": {"uv": [8, 7, 9.25, 7.125], "texture": "#2"},
				"up": {"uv": [6.75, 5.25, 6.5, 4], "texture": "#2"},
				"down": {"uv": [2.75, 5.25, 2.5, 6.5], "texture": "#2"}
			}
		},
		{
			"from": [5.5, 7.4, 5.9],
			"to": [6.3, 10.4, 6.1],
			"rotation": {"angle": 0, "axis": "x", "origin": [8, 10, 1]},
			"faces": {
				"north": {"uv": [0.5, 0.5, 0.75, 1.25], "texture": "#2"},
				"east": {"uv": [1, 9, 1.125, 9.75], "texture": "#2"},
				"south": {"uv": [8, 3.5, 8.25, 4.25], "texture": "#2"},
				"west": {"uv": [9, 3.5, 9.125, 4.25], "texture": "#2"},
				"up": {"uv": [9.25, 9.625, 9, 9.5], "texture": "#2"},
				"down": {"uv": [4.75, 5.25, 4.5, 5.5], "texture": "#2"}
			}
		},
		{
			"from": [4.6, 10, 0.8],
			"to": [11.4, 10.2, 5.7],
			"rotation": {"angle": 0, "axis": "x", "origin": [8, 10, 1]},
			"faces": {
				"north": {"uv": [8, 2, 9.75, 2.125], "texture": "#2"},
				"east": {"uv": [8, 5.5, 9.25, 5.625], "texture": "#2"},
				"south": {"uv": [5.25, 0, 7, 0.25], "texture": "#2"},
				"west": {"uv": [8, 6, 9.25, 6.125], "texture": "#2"},
				"up": {"uv": [6.25, 1.25, 4.5, 0], "texture": "#2"},
				"down": {"uv": [3.5, 3.75, 1.75, 5], "texture": "#2"}
			}
		},
		{
			"from": [5.5, 6.2, 5.7],
			"to": [6.3, 7.4, 6.3],
			"faces": {
				"north": {"uv": [5.25, 4.75, 5.5, 5], "texture": "#2"},
				"east": {"uv": [9.75, 1, 9.875, 1.25], "texture": "#2"},
				"south": {"uv": [9, 8.5, 9.25, 8.75], "texture": "#2"},
				"west": {"uv": [9.75, 1.5, 9.875, 1.75], "texture": "#2"},
				"up": {"uv": [2.5, 9.875, 2.25, 9.75], "texture": "#2"},
				"down": {"uv": [3, 9.75, 2.75, 9.875], "texture": "#2"}
			}
		},
		{
			"from": [9.8, 6.2, 5.7],
			"to": [10.6, 7.4, 6.3],
			"faces": {
				"north": {"uv": [0.5, 5.5, 0.75, 5.75], "texture": "#2"},
				"east": {"uv": [9.5, 9, 9.625, 9.25], "texture": "#2"},
				"south": {"uv": [6.25, 9, 6.5, 9.25], "texture": "#2"},
				"west": {"uv": [9.5, 9.5, 9.625, 9.75], "texture": "#2"},
				"up": {"uv": [10, 0.125, 9.75, 0], "texture": "#2"},
				"down": {"uv": [10, 0.5, 9.75, 0.625], "texture": "#2"}
			}
		},
		{
			"from": [12, 5, 1.8],
			"to": [12.6, 9, 4.8],
			"rotation": {"angle": 0, "axis": "y", "origin": [8, 8, 3]},
			"faces": {
				"north": {"uv": [8.25, 0, 8.375, 1], "texture": "#2"},
				"east": {"uv": [2.5, 5.75, 3.25, 6.75], "texture": "#2"},
				"south": {"uv": [0.5, 8.25, 0.625, 9.25], "texture": "#2"},
				"west": {"uv": [5.5, 4, 6.25, 5], "texture": "#2"},
				"up": {"uv": [3.625, 9.5, 3.5, 8.75], "texture": "#2"},
				"down": {"uv": [6.875, 8.75, 6.75, 9.5], "texture": "#2"}
			}
		},
		{
			"from": [3.4, 5, 1.8],
			"to": [4, 9, 4.8],
			"rotation": {"angle": 0, "axis": "y", "origin": [8, 8, 3]},
			"faces": {
				"north": {"uv": [4, 8, 4.125, 9], "texture": "#2"},
				"east": {"uv": [4.75, 5.5, 5.5, 6.5], "texture": "#2"},
				"south": {"uv": [0, 8.25, 0.125, 9.25], "texture": "#2"},
				"west": {"uv": [1.5, 5.5, 2.25, 6.5], "texture": "#2"},
				"up": {"uv": [8.875, 0.75, 8.75, 0], "texture": "#2"},
				"down": {"uv": [8.875, 1, 8.75, 1.75], "texture": "#2"}
			}
		},
		{
			"from": [3.2, 6, 2.8],
			"to": [3.5, 8, 3.8],
			"rotation": {"angle": 0, "axis": "y", "origin": [8, 8, 3]},
			"faces": {
				"north": {"uv": [9.25, 0.5, 9.375, 1], "texture": "#2"},
				"east": {"uv": [4, 7, 4.25, 7.5], "texture": "#2"},
				"south": {"uv": [9.25, 1.25, 9.375, 1.75], "texture": "#2"},
				"west": {"uv": [6.5, 2, 6.75, 2.5], "texture": "#2"},
				"up": {"uv": [3.875, 10.25, 3.75, 10], "texture": "#2"},
				"down": {"uv": [4.375, 10, 4.25, 10.25], "texture": "#2"}
			}
		},
		{
			"from": [12.6, 6, 2.8],
			"to": [12.9, 8, 3.8],
			"rotation": {"angle": 0, "axis": "y", "origin": [8, 8, 3]},
			"faces": {
				"north": {"uv": [0, 9.5, 0.125, 10], "texture": "#2"},
				"east": {"uv": [6.25, 8.25, 6.5, 8.75], "texture": "#2"},
				"south": {"uv": [0.5, 9.5, 0.625, 10], "texture": "#2"},
				"west": {"uv": [5.75, 7, 6, 7.5], "texture": "#2"},
				"up": {"uv": [5.875, 10.25, 5.75, 10], "texture": "#2"},
				"down": {"uv": [10.125, 6, 10, 6.25], "texture": "#2"}
			}
		},
		{
			"from": [12, 0, 1.3],
			"to": [13, 4, 5.2],
			"rotation": {"angle": 0, "axis": "y", "origin": [8, 0, 0]},
			"faces": {
				"north": {"uv": [7.5, 5.75, 7.75, 6.75], "texture": "#2"},
				"east": {"uv": [5.25, 5.25, 6.25, 6.25], "texture": "#2"},
				"south": {"uv": [7, 7.5, 7.25, 8.5], "texture": "#2"},
				"west": {"uv": [5.5, 6, 6.475, 7], "texture": "#2"},
				"up": {"uv": [7.75, 8, 7.5, 7], "texture": "#2"},
				"down": {"uv": [8, 0.75, 7.75, 1.75], "texture": "#2"}
			}
		},
		{
			"from": [13, 1.4, 2.8],
			"to": [13.3, 3.4, 3.8],
			"rotation": {"angle": 0, "axis": "y", "origin": [8, 0, 0]},
			"faces": {
				"north": {"uv": [5, 9.25, 5.125, 9.75], "texture": "#2"},
				"east": {"uv": [8.25, 1.25, 8.5, 1.75], "texture": "#2"},
				"south": {"uv": [5.5, 9.25, 5.625, 9.75], "texture": "#2"},
				"west": {"uv": [6.5, 3.25, 6.75, 3.75], "texture": "#2"},
				"up": {"uv": [10.125, 5.25, 10, 5], "texture": "#2"},
				"down": {"uv": [5.375, 10, 5.25, 10.25], "texture": "#2"}
			}
		},
		{
			"from": [3, 0, 1.3],
			"to": [4, 4, 5.2],
			"rotation": {"angle": 0, "axis": "y", "origin": [8, 0, 0]},
			"faces": {
				"north": {"uv": [7.25, 0.75, 7.5, 1.75], "texture": "#2"},
				"east": {"uv": [6.25, 3.75, 7.25, 4.75], "texture": "#2"},
				"south": {"uv": [7.5, 2, 7.75, 3], "texture": "#2"},
				"west": {"uv": [5.25, 4, 6.25, 5], "texture": "#2"},
				"up": {"uv": [7.75, 4.25, 7.5, 3.25], "texture": "#2"},
				"down": {"uv": [7.75, 4.5, 7.5, 5.5], "texture": "#2"}
			}
		},
		{
			"from": [2.7, 1.4, 2.8],
			"to": [3, 3.4, 3.8],
			"rotation": {"angle": 0, "axis": "y", "origin": [8, 0, 0]},
			"faces": {
				"north": {"uv": [4, 9.25, 4.125, 9.75], "texture": "#2"},
				"east": {"uv": [4.25, 6.5, 4.5, 7], "texture": "#2"},
				"south": {"uv": [4.5, 9.25, 4.625, 9.75], "texture": "#2"},
				"west": {"uv": [1, 8.25, 1.25, 8.75], "texture": "#2"},
				"up": {"uv": [10.125, 4.75, 10, 4.5], "texture": "#2"},
				"down": {"uv": [4.875, 10, 4.75, 10.25], "texture": "#2"}
			}
		},
		{
			"from": [5, 0, 5.7],
			"to": [11, 4, 7.1],
			"faces": {
				"north": {"uv": [6.5, 5.75, 8, 6.75], "texture": "#2"},
				"east": {"uv": [6.5, 0.75, 6.875, 1.75], "texture": "#2"},
				"south": {"uv": [5.25, 2.75, 6.75, 3.75], "texture": "#2"},
				"west": {"uv": [3.5, 6.5, 3.875, 7.5], "texture": "#2"},
				"up": {"uv": [5, 6.125, 3.5, 5.75], "texture": "#2"},
				"down": {"uv": [8, 0, 6.5, 0.375], "texture": "#2"}
			}
		},
		{
			"from": [5.5, 2.2, 7.1],
			"to": [6.3, 3.4, 7.3],
			"rotation": {"angle": 0, "axis": "x", "origin": [8, 0, 0]},
			"faces": {
				"north": {"uv": [0.25, 6.75, 0.5, 7], "texture": "#2"},
				"east": {"uv": [1.5, 10, 1.625, 10.25], "texture": "#2"},
				"south": {"uv": [9.25, 0, 9.5, 0.25], "texture": "#2"},
				"west": {"uv": [10, 2, 10.125, 2.25], "texture": "#2"},
				"up": {"uv": [10.25, 2.625, 10, 2.5], "texture": "#2"},
				"down": {"uv": [10.25, 3, 10, 3.125], "texture": "#2"}
			}
		},
		{
			"from": [9.8, 2.2, 7.1],
			"to": [10.6, 3.4, 7.3],
			"rotation": {"angle": 0, "axis": "x", "origin": [8, 0, 0]},
			"faces": {
				"north": {"uv": [6.75, 2.5, 7, 2.75], "texture": "#2"},
				"east": {"uv": [3.25, 9.75, 3.375, 10], "texture": "#2"},
				"south": {"uv": [9, 9, 9.25, 9.25], "texture": "#2"},
				"west": {"uv": [6.5, 9.75, 6.625, 10], "texture": "#2"},
				"up": {"uv": [8, 9.875, 7.75, 9.75], "texture": "#2"},
				"down": {"uv": [1.25, 10, 1, 10.125], "texture": "#2"}
			}
		},
		{
			"from": [9.3, 0, 0.5],
			"to": [11, 10, 0.7],
			"rotation": {"angle": 0, "axis": "y", "origin": [8, 0, 0]},
			"faces": {
				"north": {"uv": [0, 5.5, 0.375, 8], "texture": "#2"},
				"east": {"uv": [4.75, 6.5, 4.875, 9], "texture": "#2"},
				"south": {"uv": [0.25, 7.25, 0.75, 9.75], "texture": "#2"},
				"west": {"uv": [5.25, 6.5, 5.375, 9], "texture": "#2"},
				"up": {"uv": [1.875, 9.625, 1.5, 9.5], "texture": "#2"},
				"down": {"uv": [9.875, 3.5, 9.5, 3.625], "texture": "#2"}
			}
		},
		{
			"from": [9.8, 0, 0.4],
			"to": [10.5, 10, 0.5],
			"rotation": {"angle": 0, "axis": "y", "origin": [8, 0, 0]},
			"faces": {
				"north": {"uv": [6.5, 5.5, 6.625, 8], "texture": "#2"},
				"east": {"uv": [5.75, 6.5, 5.875, 9], "texture": "#2"},
				"south": {"uv": [6.5, 7.25, 6.75, 9.75], "texture": "#2"},
				"west": {"uv": [1.5, 6.75, 1.625, 9.25], "texture": "#2"},
				"up": {"uv": [10.125, 8.125, 10, 8], "texture": "#2"},
				"down": {"uv": [8.375, 10, 8.25, 10.125], "texture": "#2"}
			}
		},
		{
			"from": [5, 0, 0.5],
			"to": [6.7, 10, 0.7],
			"rotation": {"angle": 0, "axis": "y", "origin": [8, 0, 0]},
			"faces": {
				"north": {"uv": [0.75, 5.5, 1.125, 8], "texture": "#2"},
				"east": {"uv": [2, 6.75, 2.125, 9.25], "texture": "#2"},
				"south": {"uv": [2.5, 7.25, 3, 9.75], "texture": "#2"},
				"west": {"uv": [7, 2, 7.125, 4.5], "texture": "#2"},
				"up": {"uv": [9.875, 4.125, 9.5, 4], "texture": "#2"},
				"down": {"uv": [9.875, 5.5, 9.5, 5.625], "texture": "#2"}
			}
		},
		{
			"from": [5.5, 0, 0.4],
			"to": [6.2, 10, 0.5],
			"rotation": {"angle": 0, "axis": "y", "origin": [8, 0, 0]},
			"faces": {
				"north": {"uv": [2.5, 7, 2.625, 9.5], "texture": "#2"},
				"east": {"uv": [3, 7, 3.125, 9.5], "texture": "#2"},
				"south": {"uv": [1.5, 7.5, 1.75, 10], "texture": "#2"},
				"west": {"uv": [7, 4.75, 7.125, 7.25], "texture": "#2"},
				"up": {"uv": [10.125, 8.625, 10, 8.5], "texture": "#2"},
				"down": {"uv": [8.875, 10, 8.75, 10.125], "texture": "#2"}
			}
		}
	],
	"display": {
		"thirdperson_righthand": {
			"rotation": [90, 180, 0],
			"translation": [0, 3.5, -2.5]
		},
		"thirdperson_lefthand": {
			"rotation": [90, 180, 0],
			"translation": [0, 3.25, -2.25]
		},
		"firstperson_righthand": {
			"rotation": [90, 180, 0],
			"translation": [0, 3, 0]
		},
		"ground": {
			"translation": [0, 5.5, 4]
		},
		"gui": {
			"translation": [0, 2.75, 0]
		},
		"head": {
			"translation": [0, 14.5, 4]
		},
		"fixed": {
			"rotation": [0, 180, 0],
			"translation": [0, 3, -6.75]
		}
	},
	"groups": [
		0,
		{
			"name": "group",
			"origin": [0, 0, 0],
			"color": 0,
			"children": [
				{
					"name": "group",
					"origin": [8, 10, 1],
					"color": 0,
					"children": [1, 2, 3, 4, 5, 6, 7, 8, 9]
				}
			]
		},
		{
			"name": "group",
			"origin": [0, 0, 0],
			"color": 0,
			"children": [10, 11]
		},
		{
			"name": "group",
			"origin": [0, 0, 0],
			"color": 0,
			"children": [
				{
					"name": "group",
					"origin": [0, 0, 0],
					"color": 0,
					"children": [12, 13, 14, 15]
				}
			]
		},
		{
			"name": "group",
			"origin": [0, 0, 0],
			"color": 0,
			"children": [
				16,
				17,
				{
					"name": "group",
					"origin": [0, 0, 0],
					"color": 0,
					"children": [18, 19]
				}
			]
		},
		{
			"name": "group",
			"origin": [0, 0, 0],
			"color": 0,
			"children": [20, 21, 22]
		},
		{
			"name": "group",
			"origin": [0, 0, 0],
			"color": 0,
			"children": [
				{
					"name": "group",
					"origin": [0, 0, 0],
					"color": 0,
					"children": [
						{
							"name": "group",
							"origin": [0, 0, 0],
							"color": 0,
							"children": [23, 24]
						},
						{
							"name": "group",
							"origin": [0, 0, 0],
							"color": 0,
							"children": [25, 26]
						}
					]
				}
			]
		}
	]
}