{
	"credit": "Made with Blockbench",
	"parent": "item/generated",
	"textures": {
		"layer0": "item/backpackplus/gui_fill"
	},
	"gui_light": "front",
	"display": {
		"thirdperson_righthand": {
			"scale": [0, 0, 0]
		},
		"thirdperson_lefthand": {
			"scale": [0, 0, 0]
		},
		"firstperson_righthand": {
			"scale": [0, 0, 0]
		},
		"firstperson_lefthand": {
			"scale": [0, 0, 0]
		},
		"ground": {
			"rotation": [90, 0, 0],
			"scale": [1, 1, 0.01]
		},
		"gui": {
			"scale": [1.13, 1.13, 0.12]
		},
		"head": {
			"translation": [0, 0, 1]
		},
		"fixed": {
			"scale": [2, 2, 0.01]
		}
	}
}